index,utt_id,dataset,split,wav,ref_raw,ref_norm,hyp_raw_asr,hyp_punctuated,hyp_norm,duration_sec,segment_mode,num_segments,segment_boundaries_sec,decode_ms,rtf,ref_chars,sub,del,ins,cer,empty_hyp,error
1,BAC009S0724W0121,AISHELL-1,dev,/tmp/asr-bench/aishell100/wav/BAC009S0724W0121.wav,广州  市  房地  产中  介  协会  分析,广州市房地产中介协会分析,广州市房地产中介协会分析,广州市房地产中介协会分析。,广州市房地产中介协会分析,4.281,direct,1,"[[0.0, 4.281]]",72.113,0.016844905862840112,12,0,0,0,0.0,False,
2,BAC009S0724W0122,AISHELL-1,dev,/tmp/asr-bench/aishell100/wav/BAC009S0724W0122.wav,广州  市  房地  产中  介  协会  还  表示,广州市房地产中介协会还表示,广州市房地产中介协会还表示,广州市房地产中介协会还表示。,广州市房地产中介协会还表示,4.341,direct,1,"[[0.0, 4.341]]",75.19,0.017320922592732487,13,0,0,0,0.0,False,
3,BAC009S0724W0123,AISHELL-1,dev,/tmp/asr-bench/aishell100/wav/BAC009S0724W0123.wav,相比  于  其他  一  线  城市,相比于其他一线城市,相比于其他一线城市,相比于其他一线城市。,相比于其他一线城市,3.241,direct,1,"[[0.0, 3.241]]",57.482,0.017735768281686586,9,0,0,0,0.0,False,
4,BAC009S0724W0124,AISHELL-1,dev,/tmp/asr-bench/aishell100/wav/BAC009S0724W0124.wav,广州  二手  住宅  市场  表现  一直  相对  稳健,广州二手住宅市场表现一直相对稳健,广州二手住宅市场表现一直相对稳健,广州二手住宅市场表现一直相对稳健。,广州二手住宅市场表现一直相对稳健,5.4939375,direct,1,"[[0.0, 5.494]]",90.777,0.016523061465272076,16,0,0,0,0.0,False,
5,BAC009S0724W0125,AISHELL-1,dev,/tmp/asr-bench/aishell100/wav/BAC009S0724W0125.wav,而  在  股市  大幅  震荡  的  环境  下,而在股市大幅震荡的环境下,而在股市大幅震荡的环境下,而在股市大幅震荡的环境下。,而在股市大幅震荡的环境下,3.8740625,direct,1,"[[0.0, 3.874]]",64.494,0.016647694255134085,12,0,0,0,0.0,False,
6,BAC009S0724W0126,AISHELL-1,dev,/tmp/asr-bench/aishell100/wav/BAC009S0724W0126.wav,预计  第  三  季度  将  陆续  有  部分  股市  资金  重归  楼市,预计第三季度将陆续有部分股市资金重归楼市,预计第三季度将陆续有部分股市资金重归楼市,预计第三季度将陆续有部分股市资金重归楼市。,预计第三季度将陆续有部分股市资金重归楼市,6.594,direct,1,"[[0.0, 6.594]]",105.681,0.016026880495642302,20,0,0,0,0.0,False,
7,BAC009S0724W0127,AISHELL-1,dev,/tmp/asr-bench/aishell100/wav/BAC009S0724W0127.wav,但  受  穗  六条  及  二  套房  首  付  七成  的  制约,但受穗六条及二套房首付七成的制约,但受贿六条及二套房首付七成的制约,但受贿六条及二套房首付七成的制约。,但受贿六条及二套房首付七成的制约,5.3899375,direct,1,"[[0.0, 5.39]]",89.746,0.01665059511475871,16,1,0,0,0.0625,False,
8,BAC009S0724W0128,AISHELL-1,dev,/tmp/asr-bench/aishell100/wav/BAC009S0724W0128.wav,下半  年  楼市  能  是否  能  回到  快速  上升  通道  依然  存在  变数,下半年楼市能是否能回到快速上升通道依然存在变数,下半年楼市能是否能回荡快速上升通道依然存在变数,"下半年,楼市能是否能回荡快速上升,通道依然存在变数。",下半年楼市能是否能回荡快速上升通道依然存在变数,7.279,direct,1,"[[0.0, 7.279]]",115.193,0.01582532518576953,23,1,0,0,0.043478260869565216,False,
9,BAC009S0724W0129,AISHELL-1,dev,/tmp/asr-bench/aishell100/wav/BAC009S0724W0129.wav,其中  越秀  区  涨幅  领先,其中越秀区涨幅领先,其中越秀区丈夫领衔,"其中,越秀区丈夫领衔。",其中越秀区丈夫领衔,3.526,direct,1,"[[0.0, 3.526]]",61.625,0.017477252409818265,9,3,0,0,0.3333333333333333,False,
10,BAC009S0724W0130,AISHELL-1,dev,/tmp/asr-bench/aishell100/wav/BAC009S0724W0130.wav,天河  区  的  签约  面积  在  豪宅  交  投  增多  的  带动  下  上升  较快,天河区的签约面积在豪宅交投增多的带动下上升较快,天河区的签约面积在豪宅交头增多的带动下上升较快,"天河区的签约面积在豪宅交头增多的,带动下上升较快。",天河区的签约面积在豪宅交头增多的带动下上升较快,7.408,direct,1,"[[0.0, 7.408]]",121.088,0.01634557802134825,23,1,0,0,0.043478260869565216,False,
11,BAC009S0724W0131,AISHELL-1,dev,/tmp/asr-bench/aishell100/wav/BAC009S0724W0131.wav,其中  天河  区  增长  幅度  近  百分  之  三,其中天河区增长幅度近百分之三,其中天河区增长幅度近百分之三,"其中,天河区增长幅度近百分之三。",其中天河区增长幅度近百分之三,4.7309375,direct,1,"[[0.0, 4.731]]",84.853,0.017935698157403625,14,0,0,0,0.0,False,
12,BAC009S0724W0132,AISHELL-1,dev,/tmp/asr-bench/aishell100/wav/BAC009S0724W0132.wav,六万  平方  米  的刚  需  户型  成交  份额  下调  一  个  百分点,六万平方米的刚需户型成交份额下调一个百分点,六万平方米的刚需户型成交份额下调一个百分点,六万平方米的刚需户型成交份额下调一个百分点。,六万平方米的刚需户型成交份额下调一个百分点,6.438,direct,1,"[[0.0, 6.438]]",104.6,0.016247268874876944,21,0,0,0,0.0,False,
13,BAC009S0724W0133,AISHELL-1,dev,/tmp/asr-bench/aishell100/wav/BAC009S0724W0133.wav,但  仍  以  百分  之  四  占据  市场  主力  位置,但仍以百分之四占据市场主力位置,但仍以百分之四占据市场主力位置,但仍以百分之四占据市场主力位置。,但仍以百分之四占据市场主力位置,4.385,direct,1,"[[0.0, 4.385]]",73.398,0.01673835052013771,15,0,0,0,0.0,False,
14,BAC009S0724W0134,AISHELL-1,dev,/tmp/asr-bench/aishell100/wav/BAC009S0724W0134.wav,中心  六  区  中介  促成  二手  住宅  的  十大  活跃  板块  中,中心六区中介促成二手住宅的十大活跃板块中,中心六区中介促成二手住宅的十大活跃板块中,中心六区中介促成二手住宅的十大活跃板块。中。,中心六区中介促成二手住宅的十大活跃板块中,6.109,direct,1,"[[0.0, 6.109]]",103.826,0.016995614336537988,20,0,0,0,0.0,False,
15,BAC009S0724W0135,AISHELL-1,dev,/tmp/asr-bench/aishell100/wav/BAC009S0724W0135.wav,位于  榜首  的  同德  围  罗  冲  围  交易  量  与  上月  持平,位于榜首的同德围罗冲围交易量与上月持平,位于榜首的同德文卢春文交易量与上语持平,位于榜首的同德文卢春文交易量与上语持平。,位于榜首的同德文卢春文交易量与上语持平,6.5509375,direct,1,"[[0.0, 6.551]]",105.964,0.016175420082366655,19,5,0,0,0.2631578947368421,False,
16,BAC009S0724W0136,AISHELL-1,dev,/tmp/asr-bench/aishell100/wav/BAC009S0724W0136.wav,而  六月  居  冠  的  天河  北成  交  宗  数  下滑  近  百分  之二,而六月居冠的天河北成交宗数下滑近百分之二,而六月浇冠的天河北城江松树下滑境百分之二,而六月浇冠的天河北城江松树下滑境百分之二。,而六月浇冠的天河北城江松树下滑境百分之二,6.828,direct,1,"[[0.0, 6.828]]",132.276,0.01937259578811115,20,6,0,0,0.3,False,
17,BAC009S0724W0137,AISHELL-1,dev,/tmp/asr-bench/aishell100/wav/BAC009S0724W0137.wav,部分  高端  豪宅  的  交  投  持续  回暖,部分高端豪宅的交投持续回暖,部分高端豪宅的交头持续混暖,部分高端豪宅的交头持续混暖。,部分高端豪宅的交头持续混暖,4.463,direct,1,"[[0.0, 4.463]]",85.494,0.019156088959279612,13,2,0,0,0.15384615384615385,False,
18,BAC009S0724W0138,AISHELL-1,dev,/tmp/asr-bench/aishell100/wav/BAC009S0724W0138.wav,同样  表现  出色  的  还有  五山  板块  的  汇  景新  城,同样表现出色的还有五山板块的汇景新城,同样表现出色的还有吴山板块的汇景新城,同样表现出色的还有吴山板块的汇景新城。,同样表现出色的还有吴山板块的汇景新城,5.364,direct,1,"[[0.0, 5.364]]",90.476,0.016867333138847723,18,1,0,0,0.05555555555555555,False,
19,BAC009S0724W0139,AISHELL-1,dev,/tmp/asr-bench/aishell100/wav/BAC009S0724W0139.wav,多  个  热门  板块  的  成交  涨幅  较  前  几  月  有  所  放缓,多个热门板块的成交涨幅较前几月有所放缓,多个热门板块的成交涨幅较前几月有所放缓,多个热门板块的成交涨幅较前几月有所放缓。,多个热门板块的成交涨幅较前几月有所放缓,6.612,direct,1,"[[0.0, 6.612]]",113.967,0.017236451449278906,19,0,0,0,0.0,False,
20,BAC009S0724W0140,AISHELL-1,dev,/tmp/asr-bench/aishell100/wav/BAC009S0724W0140.wav,但是  改善  型  置业  入市  积极  性  下降,但是改善型置业入市积极性下降,但是改善型置业入市积极性下降,但是改善型置业入市积极性下降。,但是改善型置业入市积极性下降,5.5540625,direct,1,"[[0.0, 5.554]]",91.289,0.01643645979415007,14,0,0,0,0.0,False,
21,BAC009S0724W0141,AISHELL-1,dev,/tmp/asr-bench/aishell100/wav/BAC009S0724W0141.wav,拖累  广州  整个  二手  房市  成交  下滑,拖累广州整个二手房市成交下滑,拖累广州整个二手房市成交下滑,拖累广州整个二手房市成交下滑。,拖累广州整个二手房市成交下滑,4.792,direct,1,"[[0.0, 4.792]]",89.633,0.018704759599547677,14,0,0,0,0.0,False,
22,BAC009S0724W0142,AISHELL-1,dev,/tmp/asr-bench/aishell100/wav/BAC009S0724W0142.wav,来自  合富  置业  的  统计  数据  显示,来自合富置业的统计数据显示,来富和福置业的统计数据显示,来富和福置业的统计数据显示。,来富和福置业的统计数据显示,3.9939375,direct,1,"[[0.0, 3.994]]",80.033,0.02003870442158243,13,3,0,0,0.23076923076923078,False,
23,BAC009S0724W0143,AISHELL-1,dev,/tmp/asr-bench/aishell100/wav/BAC009S0724W0143.wav,在  七  月  广州  二手  住宅  市场  上,在七月广州二手住宅市场上,在七月广州二手住宅市场上,在七月广州二手住宅市场上。,在七月广州二手住宅市场上,4.0379375,direct,1,"[[0.0, 4.038]]",74.583,0.018470681632812597,12,0,0,0,0.0,False,
24,BAC009S0724W0144,AISHELL-1,dev,/tmp/asr-bench/aishell100/wav/BAC009S0724W0144.wav,改善  型  换房  成交  个案  占  比  下降  到  百分  之  八,改善型换房成交个案占比下降到百分之八,改善型换房成交个案占比下降到百分之八,改善型换房成交个案占比下降到百分之八。,改善型换房成交个案占比下降到百分之八,6.031,direct,1,"[[0.0, 6.031]]",107.935,0.01789675576719214,18,0,0,0,0.0,False,
25,BAC009S0724W0145,AISHELL-1,dev,/tmp/asr-bench/aishell100/wav/BAC009S0724W0145.wav,与  六月  多达  百分  之  五  的  改善  型  购房  占  比  相比,与六月多达百分之五的改善型购房占比相比,与六月多达百分之五的改善型购房占比相比,与六月多达百分之五的改善型购房占比相比。,与六月多达百分之五的改善型购房占比相比,6.161,direct,1,"[[0.0, 6.161]]",104.071,0.01689181951063733,19,0,0,0,0.0,False,
26,BAC009S0724W0146,AISHELL-1,dev,/tmp/asr-bench/aishell100/wav/BAC009S0724W0146.wav,存在  七  个  百分点  的  差距,存在七个百分点的差距,存在七个百分点的差距,存在七个百分点的差距。,存在七个百分点的差距,3.102,direct,1,"[[0.0, 3.102]]",59.929,0.019319578973716937,10,0,0,0,0.0,False,
27,BAC009S0724W0147,AISHELL-1,dev,/tmp/asr-bench/aishell100/wav/BAC009S0724W0147.wav,成交  均价  亦  受  购房  客源  变化  而  出现  下降  的  现象,成交均价亦受购房客源变化而出现下降的现象,成交均价易售购房客源变化而出现下降的现象,成交均价易售购房客源变化而出现下降的现象。,成交均价易售购房客源变化而出现下降的现象,6.594,direct,1,"[[0.0, 6.594]]",109.451,0.016598593422305206,20,2,0,0,0.1,False,
28,BAC009S0724W0148,AISHELL-1,dev,/tmp/asr-bench/aishell100/wav/BAC009S0724W0148.wav,环比  六月  下降  百分  之  六  点  八,环比六月下降百分之六点八,环比六月下降百分之六点八,环比六月下降百分之六点八。,环比六月下降百分之六点八,4.758,direct,1,"[[0.0, 4.758]]",80.925,0.0170081441813102,12,0,0,0,0.0,False,
29,BAC009S0724W0149,AISHELL-1,dev,/tmp/asr-bench/aishell100/wav/BAC009S0724W0149.wav,同比  去年  七  月  则  仍  存在  百分  之二  点  五  的  增幅,同比去年七月则仍存在百分之二点五的增幅,同比去年七月则仍存在百分之二点五的增幅,同比去年七月则仍存在百分之二点五的增幅。,同比去年七月则仍存在百分之二点五的增幅,6.707,direct,1,"[[0.0, 6.707]]",118.048,0.017600728042184335,19,0,0,0,0.0,False,
30,BAC009S0724W0150,AISHELL-1,dev,/tmp/asr-bench/aishell100/wav/BAC009S0724W0150.wav,在  七  月成  交  占  比  出现  轻微  下降  的  迹象,在七月成交占比出现轻微下降的迹象,在七月成交占比出现轻微下降的迹象,在七月成交占比出现轻微下降的迹象。,在七月成交占比出现轻微下降的迹象,5.2079375,direct,1,"[[0.0, 5.208]]",89.161,0.017120165128668086,16,0,0,0,0.0,False,
31,BAC009S0724W0151,AISHELL-1,dev,/tmp/asr-bench/aishell100/wav/BAC009S0724W0151.wav,据  合富  置业  成交  数据  统计,据合富置业成交数据统计,据合富置业成交数据统计,据合富置业成交数据统计。,据合富置业成交数据统计,3.6650625,direct,1,"[[0.0, 3.665]]",61.007,0.01664549840721211,11,0,0,0,0.0,False,
32,BAC009S0724W0152,AISHELL-1,dev,/tmp/asr-bench/aishell100/wav/BAC009S0724W0152.wav,七  月  广州  二手  住宅  市场  当中,七月广州二手住宅市场当中,七月广州二手住宅市场当中,"七月,广州二手住宅市场当中。",七月广州二手住宅市场当中,4.593,direct,1,"[[0.0, 4.593]]",77.031,0.0167713276650566,12,0,0,0,0.0,False,
33,BAC009S0724W0153,AISHELL-1,dev,/tmp/asr-bench/aishell100/wav/BAC009S0724W0153.wav,六月  仍有  百分  之  七  单价  在  三万  元  的  房源,六月仍有百分之七单价在三万元的房源,六月仍有百分之七单价赚三万元的房源,六月仍有百分之七单价赚三万元的房源。,六月仍有百分之七单价赚三万元的房源,5.433,direct,1,"[[0.0, 5.433]]",88.831,0.016350205599855082,17,1,0,0,0.058823529411764705,False,
34,BAC009S0724W0154,AISHELL-1,dev,/tmp/asr-bench/aishell100/wav/BAC009S0724W0154.wav,由  改善  型  换房  人士  承购,由改善型换房人士承购,有改善性换房人士成高,有改善性换房人士成高。,有改善性换房人士成高,3.804,direct,1,"[[0.0, 3.804]]",65.141,0.017124386705050773,10,4,0,0,0.4,False,
35,BAC009S0724W0155,AISHELL-1,dev,/tmp/asr-bench/aishell100/wav/BAC009S0724W0155.wav,价格  在  三万  元  的  二手  房  购房  个案  当中,价格在三万元的二手房购房个案当中,价格在三万元的二手房购房个案当中,价格在三万元的二手房购房个案当中。,价格在三万元的二手房购房个案当中,5.4339375,direct,1,"[[0.0, 5.434]]",91.536,0.016845212696271632,16,0,0,0,0.0,False,
36,BAC009S0724W0156,AISHELL-1,dev,/tmp/asr-bench/aishell100/wav/BAC009S0724W0156.wav,仅有  百分  之  四  的  房源  由  改善  型  换房  买家  购入,仅有百分之四的房源由改善型换房买家购入,仍有百分之四的方源由改善型换房买家购入,仍有百分之四的方源由改善型换房买家购入。,仍有百分之四的方源由改善型换房买家购入,5.9100625,direct,1,"[[0.0, 5.91]]",100.927,0.017077131755978997,19,2,0,0,0.10526315789473684,False,
37,BAC009S0724W0157,AISHELL-1,dev,/tmp/asr-bench/aishell100/wav/BAC009S0724W0157.wav,入市  积极  性  明显  提升  的  首次  置业  人士,入市积极性明显提升的首次置业人士,入实积极性明显提升的首府职业人士,入实积极性明显提升的首府职业人士。,入实积极性明显提升的首府职业人士,4.584,direct,1,"[[0.0, 4.584]]",81.754,0.017834687613119026,16,3,0,0,0.1875,False,
38,BAC009S0724W0158,AISHELL-1,dev,/tmp/asr-bench/aishell100/wav/BAC009S0724W0158.wav,对  单价  三万  元  的  二手  房  承接  力  不  断  反  升,对单价三万元的二手房承接力不断反升,对单价三万元的二手房承接率不断反升,对单价三万元的二手房承接率不断反升。,对单价三万元的二手房承接率不断反升,5.216,direct,1,"[[0.0, 5.216]]",92.255,0.017686860807374992,17,1,0,0,0.058823529411764705,False,
39,BAC009S0724W0159,AISHELL-1,dev,/tmp/asr-bench/aishell100/wav/BAC009S0724W0159.wav,合富  置业  成交  数据  统计,合富置业成交数据统计,合富置业成交数据统计,合富置业成交数据统计。,合富置业成交数据统计,4.376,direct,1,"[[0.0, 4.376]]",77.852,0.01779074291517733,10,0,0,0,0.0,False,
40,BAC009S0724W0160,AISHELL-1,dev,/tmp/asr-bench/aishell100/wav/BAC009S0724W0160.wav,南沙  土地  市场  又有  新动  作,南沙土地市场又有新动作,南沙土地市场又有新动作,南沙土地市场又有新动作。,南沙土地市场又有新动作,3.7430625,direct,1,"[[0.0, 3.743]]",68.552,0.018314414996395714,11,0,0,0,0.0,False,
41,BAC009S0724W0161,AISHELL-1,dev,/tmp/asr-bench/aishell100/wav/BAC009S0724W0161.wav,记者  五  日  从  广州  市  国土  规划  委  获悉,记者五日从广州市国土规划委获悉,记者五日从广州市国土规划委获悉,记者五日从广州市国土规划委获悉。,记者五日从广州市国土规划委获悉,6.196,direct,1,"[[0.0, 6.196]]",113.484,0.018315620243827723,15,0,0,0,0.0,False,
42,BAC009S0724W0162,AISHELL-1,dev,/tmp/asr-bench/aishell100/wav/BAC009S0724W0162.wav,南沙  日前  趁  热  打铁  挂牌  出让  两  宗地  块,南沙日前趁热打铁挂牌出让两宗地块,南沙日前趁热打铁瓜盆出让两宗地块,南沙日前趁热打铁瓜盆出让两宗地块。,南沙日前趁热打铁瓜盆出让两宗地块,5.572,direct,1,"[[0.0, 5.572]]",91.564,0.016432848708601823,16,2,0,0,0.125,False,
43,BAC009S0724W0163,AISHELL-1,dev,/tmp/asr-bench/aishell100/wav/BAC009S0724W0163.wav,总价  高  达  三  点  八亿  元,总价高达三点八亿元,总价高达三点八亿元,总价高达三点八亿元。,总价高达三点八亿元,3.3710625,direct,1,"[[0.0, 3.371]]",64.288,0.01907053310816047,9,0,0,0,0.0,False,
44,BAC009S0724W0164,AISHELL-1,dev,/tmp/asr-bench/aishell100/wav/BAC009S0724W0164.wav,起始  楼面  价  三千  元,起始楼面价三千元,起始楼面价三千元,起始楼面价三千元。,起始楼面价三千元,3.0240625,direct,1,"[[0.0, 3.024]]",59.925,0.019815962477152636,8,0,0,0,0.0,False,
45,BAC009S0724W0165,AISHELL-1,dev,/tmp/asr-bench/aishell100/wav/BAC009S0724W0165.wav,起拍  总价  一  点  一一  五亿  元,起拍总价一点一一五亿元,起拍总价一点一一五亿元,起拍总价一点一一五亿元。,起拍总价一点一一五亿元,4.671,direct,1,"[[0.0, 4.671]]",82.759,0.017717672878103913,11,0,0,0,0.0,False,
46,BAC009S0724W0166,AISHELL-1,dev,/tmp/asr-bench/aishell100/wav/BAC009S0724W0166.wav,起始  楼面  价  约  一万  元,起始楼面价约一万元,起始楼面价约一万元,起始楼面价约一万元。,起始楼面价约一万元,3.717,direct,1,"[[0.0, 3.717]]",65.343,0.017579387674092613,9,0,0,0,0.0,False,
47,BAC009S0724W0167,AISHELL-1,dev,/tmp/asr-bench/aishell100/wav/BAC009S0724W0167.wav,广东  自贸区  南沙  片区  首度  开拍  住宅  地块,广东自贸区南沙片区首度开拍住宅地块,广东自贸区南沙片区首度开派住宅地块,广东自贸区南沙片区首度开派住宅地块。,广东自贸区南沙片区首度开派住宅地块,6.378,direct,1,"[[0.0, 6.378]]",109.578,0.01718060771095651,17,1,0,0,0.058823529411764705,False,
48,BAC009S0724W0168,AISHELL-1,dev,/tmp/asr-bench/aishell100/wav/BAC009S0724W0168.wav,新地  王  的  诞生  迅速  搅  热  南沙  土地  市场,新地王的诞生迅速搅热南沙土地市场,新帝网的诞生迅速搅热南沙土地市场,"新帝网的诞生,迅速搅热南沙土地市场。",新帝网的诞生迅速搅热南沙土地市场,4.6960625,direct,1,"[[0.0, 4.696]]",80.866,0.017219869418965555,16,2,0,0,0.125,False,
49,BAC009S0724W0169,AISHELL-1,dev,/tmp/asr-bench/aishell100/wav/BAC009S0724W0169.wav,再有  两  宗地  块  抢闸  入市,再有两宗地块抢闸入市,再有两宗地块抢占入市,再有两宗地块抢占入市。,再有两宗地块抢占入市,3.578,direct,1,"[[0.0, 3.578]]",71.645,0.02002366320680371,10,1,0,0,0.1,False,
50,BAC009S0724W0170,AISHELL-1,dev,/tmp/asr-bench/aishell100/wav/BAC009S0724W0170.wav,位于  南沙  街  工业  五路  北侧  的  地块,位于南沙街工业五路北侧的地块,位于南沙街工业五路北侧的地块,位于南沙街工业五路北侧的地块。,位于南沙街工业五路北侧的地块,4.662,direct,1,"[[0.0, 4.662]]",80.716,0.017313572493929563,14,0,0,0,0.0,False,
51,BAC009S0724W0171,AISHELL-1,dev,/tmp/asr-bench/aishell100/wav/BAC009S0724W0171.wav,为  二类  居住  用地  和服  务  设施  用地,为二类居住用地和服务设施用地,为二类居住用地和服务设施用地,为二类居住用地和服务设施用地。,为二类居住用地和服务设施用地,4.3670625,direct,1,"[[0.0, 4.367]]",72.722,0.016652288125490716,14,0,0,0,0.0,False,
52,BAC009S0724W0172,AISHELL-1,dev,/tmp/asr-bench/aishell100/wav/BAC009S0724W0172.wav,该  地块  起拍  价  二  点  七七一  亿元,该地块起拍价二点七七一亿元,该地块起牌价二点七七一亿元,该地块起牌价二点七七一亿元。,该地块起牌价二点七七一亿元,4.6179375,direct,1,"[[0.0, 4.618]]",74.492,0.016130938765923985,13,1,0,0,0.07692307692307693,False,
53,BAC009S0724W0173,AISHELL-1,dev,/tmp/asr-bench/aishell100/wav/BAC009S0724W0173.wav,总  建筑  面积  六千  点  八  平方  米,总建筑面积六千点八平方米,总建筑面积六千点八平方米,总建筑面积六千点八平方米。,总建筑面积六千点八平方米,3.9859375,direct,1,"[[0.0, 3.986]]",69.593,0.01745974641367764,12,0,0,0,0.0,False,
54,BAC009S0724W0174,AISHELL-1,dev,/tmp/asr-bench/aishell100/wav/BAC009S0724W0174.wav,折合  最  低  楼面  价  三千  元,折合最低楼面价三千元,折合最低楼面价三千元,折合最低楼面价三千元。,折合最低楼面价三千元,3.5699375,direct,1,"[[0.0, 3.57]]",64.451,0.018053910736740758,10,0,0,0,0.0,False,
55,BAC009S0724W0175,AISHELL-1,dev,/tmp/asr-bench/aishell100/wav/BAC009S0724W0175.wav,该  地块  曾  于  去年  一月  挂牌  后因  故  中止  出让,该地块曾于去年一月挂牌后因故中止出让,该地款曾于去年一月挂盘后因雇中只出让,"该地款曾于去年一月挂盘,后因雇中只出让。",该地款曾于去年一月挂盘后因雇中只出让,6.672,direct,1,"[[0.0, 6.672]]",108.361,0.016241094577464005,18,4,0,0,0.2222222222222222,False,
56,BAC009S0724W0176,AISHELL-1,dev,/tmp/asr-bench/aishell100/wav/BAC009S0724W0176.wav,起拍  总价  较  去年  贵  了  四万  元,起拍总价较去年贵了四万元,其他总价较去年贵了四万元,其他总价较去年贵了四万元。,其他总价较去年贵了四万元,4.463,direct,1,"[[0.0, 4.463]]",76.807,0.017209630960370297,12,2,0,0,0.16666666666666666,False,
57,BAC009S0724W0177,AISHELL-1,dev,/tmp/asr-bench/aishell100/wav/BAC009S0724W0177.wav,地块  位于  黄阁  镇  黄阁  大道  西,地块位于黄阁镇黄阁大道西,地块位于黄阁镇黄阁大道西,地块位于黄阁镇黄阁大道西。,地块位于黄阁镇黄阁大道西,3.77,direct,1,"[[0.0, 3.77]]",65.047,0.017253956766749685,12,0,0,0,0.0,False,
58,BAC009S0724W0178,AISHELL-1,dev,/tmp/asr-bench/aishell100/wav/BAC009S0724W0178.wav,起拍  价  为  一  点  一一  五零  亿元,起拍价为一点一一五零亿元,起拍价为一点一一五零亿元,起拍价为一点一一五零亿元。,起拍价为一点一一五零亿元,5.0,direct,1,"[[0.0, 5.0]]",83.974,0.016794783400837333,12,0,0,0,0.0,False,
59,BAC009S0724W0179,AISHELL-1,dev,/tmp/asr-bench/aishell100/wav/BAC009S0724W0179.wav,总  建筑  面积  六万  平方  米,总建筑面积六万平方米,总建筑面积六万平方米,总建筑面积六万平方米。,总建筑面积六万平方米,3.275,direct,1,"[[0.0, 3.275]]",60.684,0.01852949100141307,10,0,0,0,0.0,False,
60,BAC009S0724W0180,AISHELL-1,dev,/tmp/asr-bench/aishell100/wav/BAC009S0724W0180.wav,折合  最  低  楼面  价  约  一百  元,折合最低楼面价约一百元,之合最低楼面价约一百元,之合最低楼面价约一百元。,之合最低楼面价约一百元,4.2200625,direct,1,"[[0.0, 4.22]]",121.582,0.02881047379054072,11,1,0,0,0.09090909090909091,False,
61,BAC009S0724W0181,AISHELL-1,dev,/tmp/asr-bench/aishell100/wav/BAC009S0724W0181.wav,竞买  申请  人  须  在  南沙  区  注册  成立  项目  公司,竞买申请人须在南沙区注册成立项目公司,竞买申请人需在南沙区注册成立项目公司,竞买申请人需在南沙区注册成立项目公司。,竞买申请人需在南沙区注册成立项目公司,5.3990625,direct,1,"[[0.0, 5.399]]",106.068,0.019645687004441,18,1,0,0,0.05555555555555555,False,
62,BAC009S0724W0182,AISHELL-1,dev,/tmp/asr-bench/aishell100/wav/BAC009S0724W0182.wav,竞买  申请  人  或  其  所  属  集团  须  是  医药  类  上市  公司,竞买申请人或其所属集团须是医药类上市公司,竞满申请人或其所属集团虚是医药类上市公司,竞满申请人或其所属集团虚是医药类上市公司。,竞满申请人或其所属集团虚是医药类上市公司,6.75,direct,1,"[[0.0, 6.75]]",117.69,0.01743562962790882,20,2,0,0,0.1,False,
63,BAC009S0724W0183,AISHELL-1,dev,/tmp/asr-bench/aishell100/wav/BAC009S0724W0183.wav,报名  时  需  提交  承诺  书,报名时需提交承诺书,报名时需提交承诺书,报名时需提交承诺书。,报名时需提交承诺书,3.3099375,direct,1,"[[0.0, 3.31]]",64.166,0.019385940066354575,9,0,0,0,0.0,False,
64,BAC009S0724W0184,AISHELL-1,dev,/tmp/asr-bench/aishell100/wav/BAC009S0724W0184.wav,该  地块  不  得  改变  规划  设计  条件  上明  确  的  建筑  功能  及  用途,该地块不得改变规划设计条件上明确的建筑功能及用途,该地款不得改变规划设计条件上明确的建筑功能及用途,该地款不得改变规划设计条件上明确的建筑功能及用途。,该地款不得改变规划设计条件上明确的建筑功能及用途,7.6339375,direct,1,"[[0.0, 7.634]]",132.562,0.017364788221751543,24,1,0,0,0.041666666666666664,False,
65,BAC009S0724W0185,AISHELL-1,dev,/tmp/asr-bench/aishell100/wav/BAC009S0724W0185.wav,两  宗地  按照  价高  者  得  原则  确定  竞  得人,两宗地按照价高者得原则确定竞得人,两宗地按照价高者的原则确定竞夺人,两宗地按照价高者的原则确定竞夺人。,两宗地按照价高者的原则确定竞夺人,6.23,direct,1,"[[0.0, 6.23]]",107.611,0.01727310047607516,16,2,0,0,0.125,False,
66,BAC009S0724W0186,AISHELL-1,dev,/tmp/asr-bench/aishell100/wav/BAC009S0724W0186.wav,申请  人  可以  单独  申请,申请人可以单独申请,申请人可以单独申请,申请人可以单独申请。,申请人可以单独申请,2.912,direct,1,"[[0.0, 2.912]]",57.809,0.0198520061970627,9,0,0,0,0.0,False,
67,BAC009S0724W0187,AISHELL-1,dev,/tmp/asr-bench/aishell100/wav/BAC009S0724W0187.wav,原  投资  经理  借  未  公开  信息  炒股  被  公诉,原投资经理借未公开信息炒股被公诉,语文投副经理借未公开信息考股本公诉,语文投副经理借未公开信息考股本公诉。,语文投副经理借未公开信息考股本公诉,6.0140625,direct,1,"[[0.0, 6.014]]",107.713,0.01791017568941456,16,4,0,1,0.3125,False,
68,BAC009S0724W0188,AISHELL-1,dev,/tmp/asr-bench/aishell100/wav/BAC009S0724W0188.wav,二中  院  开庭  审理  此案,二中院开庭审理此案,二中院开庭审理此案,二、中院开庭审理此案。,二中院开庭审理此案,3.2839375,direct,1,"[[0.0, 3.284]]",60.635,0.018463975628511625,9,0,0,0,0.0,False,
69,BAC009S0724W0189,AISHELL-1,dev,/tmp/asr-bench/aishell100/wav/BAC009S0724W0189.wav,若  公诉  罪名  利用  未  公开  信息  交易  罪  成立,若公诉罪名利用未公开信息交易罪成立,若公诉罪名利用未公开信息交易罪成立,若公诉罪名利用未公开信息交易罪成立。,若公诉罪名利用未公开信息交易罪成立,4.913,direct,1,"[[0.0, 4.913]]",97.504,0.019846139629249197,17,0,0,0,0.0,False,
70,BAC009S0724W0190,AISHELL-1,dev,/tmp/asr-bench/aishell100/wav/BAC009S0724W0190.wav,杨  丙  卿  将  成为  国内  因此  罪,杨丙卿将成为国内因此罪,杨炳清将成为国内淫付罪,杨炳清将成为国内淫付罪。,杨炳清将成为国内淫付罪,3.7169375,direct,1,"[[0.0, 3.717]]",70.58,0.018988627605853684,11,4,0,0,0.36363636363636365,False,
71,BAC009S0724W0191,AISHELL-1,dev,/tmp/asr-bench/aishell100/wav/BAC009S0724W0191.wav,相关  公司  股票  走势,相关公司股票走势,相关公司股票走势,相关公司股票走势。,相关公司股票走势,3.0849375,direct,1,"[[0.0, 3.085]]",62.011,0.02010113657080554,8,0,0,0,0.0,False,
72,BAC009S0724W0192,AISHELL-1,dev,/tmp/asr-bench/aishell100/wav/BAC009S0724W0192.wav,获刑  的  第  四  名基  金  经理,获刑的第四名基金经理,获行的第四名基金经理,获行的第四名基金经理。,获行的第四名基金经理,3.3100625,direct,1,"[[0.0, 3.31]]",63.187,0.019089405418333674,10,1,0,0,0.1,False,
73,BAC009S0724W0193,AISHELL-1,dev,/tmp/asr-bench/aishell100/wav/BAC009S0724W0193.wav,拥有  五年  证券  从业  经历,拥有五年证券从业经历,拥有五年证券从业经历,拥有五年证券从业经历。,拥有五年证券从业经历,3.2580625,direct,1,"[[0.0, 3.258]]",59.585,0.018288399924484878,10,0,0,0,0.0,False,
74,BAC009S0724W0194,AISHELL-1,dev,/tmp/asr-bench/aishell100/wav/BAC009S0724W0194.wav,城际  铁路  建设  也  已  明确  由  地方  政府  主导,城际铁路建设也已明确由地方政府主导,城际铁路建设也已明确由地方政府主导,"城际铁路建设也已明确,由地方政府主导。",城际铁路建设也已明确由地方政府主导,4.852875,direct,1,"[[0.0, 4.853]]",87.898,0.01811263097083922,17,0,0,0,0.0,False,
75,BAC009S0724W0195,AISHELL-1,dev,/tmp/asr-bench/aishell100/wav/BAC009S0724W0195.wav,杨  丙  卿  担任  中金  公司  资产  管理  部  投资  经理,杨丙卿担任中金公司资产管理部投资经理,杨炳清担任中金公司资产管理部头副经理,杨炳清担任中金公司资产管理部头副经理。,杨炳清担任中金公司资产管理部头副经理,5.3730625,direct,1,"[[0.0, 5.373]]",100.585,0.018720228739051527,18,4,0,0,0.2222222222222222,False,
76,BAC009S0724W0196,AISHELL-1,dev,/tmp/asr-bench/aishell100/wav/BAC009S0724W0196.wav,以  陈  笑蕊  名义  开立  并  实际  控制  个人  证券  账户,以陈笑蕊名义开立并实际控制个人证券账户,以陈孝蕊名义看利并实际控制个人证券账户,以陈孝蕊名义看利并实际控制个人证券账户。,以陈孝蕊名义看利并实际控制个人证券账户,6.057,direct,1,"[[0.0, 6.057]]",119.293,0.01969513917832014,19,3,0,0,0.15789473684210525,False,
77,BAC009S0724W0197,AISHELL-1,dev,/tmp/asr-bench/aishell100/wav/BAC009S0724W0197.wav,多次  指令  邢  某  向  某  二人,多次指令邢某向某二人,多次指令刑某向某二人,多次指令刑某向某二人。,多次指令刑某向某二人,3.579125,direct,1,"[[0.0, 3.579]]",71.182,0.019888066221012305,10,1,0,0,0.1,False,
78,BAC009S0724W0198,AISHELL-1,dev,/tmp/asr-bench/aishell100/wav/BAC009S0724W0198.wav,使用  该  账户  进行  股票  交易,使用该账户进行股票交易,使用该账户进行股票交易,使用该账户进行股票交易。,使用该账户进行股票交易,3.7349375,direct,1,"[[0.0, 3.735]]",68.032,0.018214907746958216,11,0,0,0,0.0,False,
79,BAC009S0724W0199,AISHELL-1,dev,/tmp/asr-bench/aishell100/wav/BAC009S0724W0199.wav,非法  获利  二百  馀  万元,非法获利二百馀万元,非法获利二百余万元,非法获利二百余万元。,非法获利二百余万元,3.5439375,direct,1,"[[0.0, 3.544]]",63.519,0.017923272907930485,9,1,0,0,0.1111111111111111,False,
80,BAC009S0724W0200,AISHELL-1,dev,/tmp/asr-bench/aishell100/wav/BAC009S0724W0200.wav,杨  丙  卿  承认  指控  事实,杨丙卿承认指控事实,杨炳清承认指控事实,杨炳清承认指控事实。,杨炳清承认指控事实,3.5350625,direct,1,"[[0.0, 3.535]]",63.515,0.017967268483932694,9,2,0,0,0.2222222222222222,False,
81,BAC009S0724W0201,AISHELL-1,dev,/tmp/asr-bench/aishell100/wav/BAC009S0724W0201.wav,账户  里面  的  钱  是  他  自己  的  工资  和  朋友  的  借款,账户里面的钱是他自己的工资和朋友的借款,账户里面的钱是他自己的工司和朋友的借款,账户里面的钱是他自己的工司和朋友的借款。,账户里面的钱是他自己的工司和朋友的借款,5.753875,direct,1,"[[0.0, 5.754]]",98.196,0.017065984575490918,19,1,0,0,0.05263157894736842,False,
82,BAC009S0724W0202,AISHELL-1,dev,/tmp/asr-bench/aishell100/wav/BAC009S0724W0202.wav,通过  事先  买入  后  抛售  获利,通过事先买入后抛售获利,通过事先买入后抛售获利,通过事先买入后抛售获利。,通过事先买入后抛售获利,4.306,direct,1,"[[0.0, 4.306]]",77.213,0.01793140385706969,11,0,0,0,0.0,False,
83,BAC009S0724W0203,AISHELL-1,dev,/tmp/asr-bench/aishell100/wav/BAC009S0724W0203.wav,之  前  公安  机关  只  针对  他  的  银行  账户  进行  讯问,之前公安机关只针对他的银行账户进行讯问,之前公安机关只针对他的银行账户进行询问,"之前,公安机关只针对他的银行账户进行询问。",之前公安机关只针对他的银行账户进行询问,5.511125,direct,1,"[[0.0, 5.511]]",90.062,0.016341763256729147,19,1,0,0,0.05263157894736842,False,
84,BAC009S0724W0204,AISHELL-1,dev,/tmp/asr-bench/aishell100/wav/BAC009S0724W0204.wav,是  他  主动  将  股票  账户  做  了  交代,是他主动将股票账户做了交代,是他主动将股票账户做了交代,是他主动将股票账户做了交代。,是他主动将股票账户做了交代,4.1340625,direct,1,"[[0.0, 4.134]]",68.641,0.016603774613367744,13,0,0,0,0.0,False,
85,BAC009S0724W0205,AISHELL-1,dev,/tmp/asr-bench/aishell100/wav/BAC009S0724W0205.wav,检  方建  议  对  杨  丙  卿  处  有  期  徒刑,检方建议对杨丙卿处有期徒刑,检方建议对杨北清处有期徒刑,检方建议对杨北清处有期徒刑。,检方建议对杨北清处有期徒刑,4.895,direct,1,"[[0.0, 4.895]]",79.141,0.016167671091481664,13,2,0,0,0.15384615384615385,False,
86,BAC009S0724W0206,AISHELL-1,dev,/tmp/asr-bench/aishell100/wav/BAC009S0724W0206.wav,还  供述  了  侦查  机关  未  掌握  的  犯罪  事实,还供述了侦查机关未掌握的犯罪事实,还供述了侦查机关未掌握的犯罪事实,还供述了侦查机关未掌握的犯罪事实。,还供述了侦查机关未掌握的犯罪事实,5.485,direct,1,"[[0.0, 5.485]]",87.879,0.016021627158948722,16,0,0,0,0.0,False,
87,BAC009S0724W0207,AISHELL-1,dev,/tmp/asr-bench/aishell100/wav/BAC009S0724W0207.wav,应  在  有  期  徒刑  三年  以下  进行  量刑,应在有期徒刑三年以下进行量刑,应在有期徒刑三年以下进行量刑,应在有期徒刑三年以下进行量刑。,应在有期徒刑三年以下进行量刑,4.5230625,direct,1,"[[0.0, 4.523]]",73.365,0.016220214066488763,14,0,0,0,0.0,False,
88,BAC009S0724W0208,AISHELL-1,dev,/tmp/asr-bench/aishell100/wav/BAC009S0724W0208.wav,同时  还  可以  考虑  适用  缓刑,同时还可以考虑适用缓刑,同时还可以考虑适应缓刑,同时还可以考虑适应缓刑。,同时还可以考虑适应缓刑,3.744,direct,1,"[[0.0, 3.744]]",62.249,0.016626246528735813,11,1,0,0,0.09090909090909091,False,
89,BAC009S0724W0209,AISHELL-1,dev,/tmp/asr-bench/aishell100/wav/BAC009S0724W0209.wav,基金  经理  已  因此  获刑  据  了解,基金经理已因此获刑据了解,基金经理以因此互行据了解,基金经理以因此互行据了解。,基金经理以因此互行据了解,5.0080625,direct,1,"[[0.0, 5.008]]",81.76,0.01632571637191214,12,3,0,0,0.25,False,
90,BAC009S0724W0210,AISHELL-1,dev,/tmp/asr-bench/aishell100/wav/BAC009S0724W0210.wav,因利  用  未  公开  信息  交易  罪  被  判刑  的  基金  经理  已有  三名,因利用未公开信息交易罪被判刑的基金经理已有三名,因利用未公开信息交易罪被判刑的基金经理已有三名,因利用未公开信息交易罪被判刑的基金经理已有三名。,因利用未公开信息交易罪被判刑的基金经理已有三名,7.3570625,direct,1,"[[0.0, 7.357]]",114.98,0.015628576753964615,23,0,0,0,0.0,False,
91,BAC009S0724W0211,AISHELL-1,dev,/tmp/asr-bench/aishell100/wav/BAC009S0724W0211.wav,韩  刚  是  业界  老鼠  仓  获刑  第  一人,韩刚是业界老鼠仓获刑第一人,韩钢是业界老鼠仓获型第一人,韩钢是业界老鼠仓获型第一人。,韩钢是业界老鼠仓获型第一人,4.358,direct,1,"[[0.0, 4.358]]",69.533,0.015955226027956827,13,2,0,0,0.15384615384615385,False,
92,BAC009S0724W0212,AISHELL-1,dev,/tmp/asr-bench/aishell100/wav/BAC009S0724W0212.wav,是  目前  因  老鼠  仓  被  判刑  罚  最  高  的  基金  经理,是目前因老鼠仓被判刑罚最高的基金经理,是目前因老虎桑被判刑法最高的基金经理,是目前因老虎桑被判刑法最高的基金经理。,是目前因老虎桑被判刑法最高的基金经理,6.621,direct,1,"[[0.0, 6.621]]",105.022,0.015862004679096434,18,3,0,0,0.16666666666666666,False,
93,BAC009S0724W0213,AISHELL-1,dev,/tmp/asr-bench/aishell100/wav/BAC009S0724W0213.wav,原  证监  会官  员  涉嫌  内幕  交易  被  移送  公安  机关,原证监会官员涉嫌内幕交易被移送公安机关,原证监会官员涉嫌内幕交易被移送公安机关,原证监会官员涉嫌内幕交易被移送公安机关。,原证监会官员涉嫌内幕交易被移送公安机关,6.057,direct,1,"[[0.0, 6.057]]",93.076,0.015366696888300767,19,0,0,0,0.0,False,
94,BAC009S0724W0214,AISHELL-1,dev,/tmp/asr-bench/aishell100/wav/BAC009S0724W0214.wav,原  重组  委  委员  吴  建敏  资料  图,原重组委委员吴建敏资料图,原重组为未员吴建敏敷料图,原重组为未员吴建敏敷料图。,原重组为未员吴建敏敷料图,6.646,direct,1,"[[0.0, 6.646]]",102.201,0.015377758497250635,12,3,0,0,0.25,False,
95,BAC009S0724W0215,AISHELL-1,dev,/tmp/asr-bench/aishell100/wav/BAC009S0724W0215.wav,证监  会  已  依法  移送  公安  机关  处理,证监会已依法移送公安机关处理,证监会已依法移送公安机关处理,证监会已依法移送公安机关处理。,证监会已依法移送公安机关处理,4.6699375,direct,1,"[[0.0, 4.67]]",77.42,0.01657838032883459,14,0,0,0,0.0,False,
96,BAC009S0724W0216,AISHELL-1,dev,/tmp/asr-bench/aishell100/wav/BAC009S0724W0216.wav,证监  会通  报  吴  建敏  涉嫌  违法  违规  案情  况,证监会通报吴建敏涉嫌违法违规案情况,证监会通报吴建敏涉嫌违法违规按情况,证监会通报吴建敏涉嫌违法违规按情况。,证监会通报吴建敏涉嫌违法违规按情况,6.542,direct,1,"[[0.0, 6.542]]",101.691,0.015544405379507705,17,1,0,0,0.058823529411764705,False,
97,BAC009S0724W0217,AISHELL-1,dev,/tmp/asr-bench/aishell100/wav/BAC009S0724W0217.wav,二零一一  年  一月  一  日,二零一一年一月一日,二零零一一年一月一日,二零零一一年一月一日。,二零零一一年一月一日,3.5179375,direct,1,"[[0.0, 3.518]]",58.179,0.01653777959763486,9,0,0,1,0.1111111111111111,False,
98,BAC009S0724W0218,AISHELL-1,dev,/tmp/asr-bench/aishell100/wav/BAC009S0724W0218.wav,进一步  调查  发现  吴  建敏  存在  内幕  交易  行为  并  涉嫌  犯罪,进一步调查发现吴建敏存在内幕交易行为并涉嫌犯罪,进一步调查发现吴建敏存在内幕交易行为并涉嫌犯罪,"进一步调查发现,吴建敏存在内幕交易行为并涉嫌犯罪。",进一步调查发现吴建敏存在内幕交易行为并涉嫌犯罪,7.7469375,direct,1,"[[0.0, 7.747]]",117.82,0.015208638899809179,23,0,0,0,0.0,False,
99,BAC009S0724W0219,AISHELL-1,dev,/tmp/asr-bench/aishell100/wav/BAC009S0724W0219.wav,证监  会  已  依法  移送  公安  机关  处理,证监会已依法移送公安机关处理,证监会已依法移送公安机关处理,证监会已依法移送公安机关处理。,证监会已依法移送公安机关处理,4.427,direct,1,"[[0.0, 4.427]]",71.385,0.016124990518070863,14,0,0,0,0.0,False,
100,BAC009S0724W0220,AISHELL-1,dev,/tmp/asr-bench/aishell100/wav/BAC009S0724W0220.wav,吴  建敏  于  去年  去年  开始,吴建敏于去年去年开始,吴建敏于去年去年开始,吴建敏于去年去年开始。,吴建敏于去年去年开始,3.865,direct,1,"[[0.0, 3.865]]",61.977,0.016035370764841853,10,0,0,0,0.0,False,
